<?xml version="1.0" encoding="UTF-8"?>
<export version="D">
  <design>
    <source>Z:\Tyler\006 2017-01-14 High-Speed Flash\MK2 Design\KiCad\E2A\Edgerton 2.1 Rev3\Edgerton 2.1.sch</source>
    <date>5/23/2020 5:11:39 PM</date>
    <tool>Eeschema (5.1.4)-1</tool>
    <sheet number="1" name="/" tstamps="/">
      <title_block>
        <title>Edgerton Main Control Board</title>
        <company/>
        <rev>1.2c</rev>
        <date>2020-01-02</date>
        <source>Edgerton 2.1.sch</source>
        <comment number="1" value=""/>
        <comment number="2" value=""/>
        <comment number="3" value=""/>
        <comment number="4" value=""/>
      </title_block>
    </sheet>
  </design>
  <components>
    <comp ref="D2">
      <value>1N4001</value>
      <footprint>Diode_THT:D_DO-41_SOD81_P2.54mm_Vertical_AnodeUp</footprint>
      <datasheet>http://www.vishay.com/docs/88503/1n4001.pdf</datasheet>
      <libsource lib="Diode" part="1N4001" description="50V 1A General Purpose Rectifier Diode, DO-41"/>
      <sheetpath names="/" tstamps="/"/>
      <tstamp>5E0F0B70</tstamp>
    </comp>
    <comp ref="C3">
      <value>220uF</value>
      <footprint>Capacitor_THT:CP_Radial_Tantal_D8.0mm_P2.50mm</footprint>
      <datasheet>~</datasheet>
      <libsource lib="Device" part="CP1" description="Polarized capacitor, US symbol"/>
      <sheetpath names="/" tstamps="/"/>
      <tstamp>5E12919B</tstamp>
    </comp>
    <comp ref="J6">
      <value>Conn_01x04_Male</value>
      <footprint>Connector_PinHeader_2.54mm:PinHeader_1x04_P2.54mm_Vertical</footprint>
      <datasheet>~</datasheet>
      <libsource lib="Connector" part="Conn_01x04_Male" description="Generic connector, single row, 01x04, script generated (kicad-library-utils/schlib/autogen/connector/)"/>
      <sheetpath names="/" tstamps="/"/>
      <tstamp>5E1DE43A</tstamp>
    </comp>
    <comp ref="J7">
      <value>Conn_01x04_Male</value>
      <footprint>Connector_PinHeader_2.54mm:PinHeader_1x04_P2.54mm_Vertical</footprint>
      <datasheet>~</datasheet>
      <libsource lib="Connector" part="Conn_01x04_Male" description="Generic connector, single row, 01x04, script generated (kicad-library-utils/schlib/autogen/connector/)"/>
      <sheetpath names="/" tstamps="/"/>
      <tstamp>5E1FADAB</tstamp>
    </comp>
    <comp ref="J8">
      <value>Conn_01x04_Male</value>
      <footprint>Connector_PinHeader_2.54mm:PinHeader_1x04_P2.54mm_Vertical</footprint>
      <datasheet>~</datasheet>
      <libsource lib="Connector" part="Conn_01x04_Male" description="Generic connector, single row, 01x04, script generated (kicad-library-utils/schlib/autogen/connector/)"/>
      <sheetpath names="/" tstamps="/"/>
      <tstamp>5E219A4A</tstamp>
    </comp>
    <comp ref="J3">
      <value>Conn_01x04_Male</value>
      <footprint>Connector_PinHeader_2.54mm:PinHeader_1x04_P2.54mm_Vertical</footprint>
      <datasheet>~</datasheet>
      <libsource lib="Connector" part="Conn_01x04_Male" description="Generic connector, single row, 01x04, script generated (kicad-library-utils/schlib/autogen/connector/)"/>
      <sheetpath names="/" tstamps="/"/>
      <tstamp>5E22CCA6</tstamp>
    </comp>
    <comp ref="J4">
      <value>Conn_01x04_Male</value>
      <footprint>Connector_PinHeader_2.54mm:PinHeader_1x04_P2.54mm_Vertical</footprint>
      <datasheet>~</datasheet>
      <libsource lib="Connector" part="Conn_01x04_Male" description="Generic connector, single row, 01x04, script generated (kicad-library-utils/schlib/autogen/connector/)"/>
      <sheetpath names="/" tstamps="/"/>
      <tstamp>5E24001C</tstamp>
    </comp>
    <comp ref="J2">
      <value>Conn_01x03_Male</value>
      <footprint>Connector_PinHeader_2.54mm:PinHeader_1x03_P2.54mm_Vertical</footprint>
      <datasheet>~</datasheet>
      <libsource lib="Connector" part="Conn_01x03_Male" description="Generic connector, single row, 01x03, script generated (kicad-library-utils/schlib/autogen/connector/)"/>
      <sheetpath names="/" tstamps="/"/>
      <tstamp>5E2439E4</tstamp>
    </comp>
    <comp ref="J1">
      <value>Conn_01x06_Male</value>
      <footprint>Connector_PinSocket_2.54mm:PinSocket_1x06_P2.54mm_Vertical</footprint>
      <datasheet>~</datasheet>
      <libsource lib="Connector" part="Conn_01x06_Male" description="Generic connector, single row, 01x06, script generated (kicad-library-utils/schlib/autogen/connector/)"/>
      <sheetpath names="/" tstamps="/"/>
      <tstamp>5E25F550</tstamp>
    </comp>
    <comp ref="BZ1">
      <value>Buzzer</value>
      <footprint>Buzzer_Beeper:Buzzer_15x7.5RM7.6</footprint>
      <datasheet>~</datasheet>
      <libsource lib="Device" part="Buzzer" description="Buzzer, polarized"/>
      <sheetpath names="/" tstamps="/"/>
      <tstamp>5E12AD71</tstamp>
    </comp>
    <comp ref="R1">
      <value>47K</value>
      <footprint>Resistor_THT:R_Axial_DIN0204_L3.6mm_D1.6mm_P5.08mm_Horizontal</footprint>
      <datasheet>~</datasheet>
      <libsource lib="Device" part="R_US" description="Resistor, US symbol"/>
      <sheetpath names="/" tstamps="/"/>
      <tstamp>5E13A297</tstamp>
    </comp>
    <comp ref="C2">
      <value>2.2uF</value>
      <footprint>Capacitor_SMD:C_1206_3216Metric</footprint>
      <datasheet>~</datasheet>
      <libsource lib="Device" part="C" description="Unpolarized capacitor"/>
      <sheetpath names="/" tstamps="/"/>
      <tstamp>5E13DB1B</tstamp>
    </comp>
    <comp ref="C1">
      <value>100nF</value>
      <footprint>Capacitor_THT:C_Disc_D4.3mm_W1.9mm_P5.00mm</footprint>
      <datasheet>~</datasheet>
      <libsource lib="Device" part="C" description="Unpolarized capacitor"/>
      <sheetpath names="/" tstamps="/"/>
      <tstamp>5E146F86</tstamp>
    </comp>
    <comp ref="R3">
      <value>10K</value>
      <footprint>Resistor_SMD:R_0805_2012Metric</footprint>
      <datasheet>~</datasheet>
      <libsource lib="Device" part="R_US" description="Resistor, US symbol"/>
      <sheetpath names="/" tstamps="/"/>
      <tstamp>5E178A37</tstamp>
    </comp>
    <comp ref="R2">
      <value>33K</value>
      <footprint>Resistor_THT:R_Axial_DIN0204_L3.6mm_D1.6mm_P5.08mm_Vertical</footprint>
      <datasheet>~</datasheet>
      <libsource lib="Device" part="R_US" description="Resistor, US symbol"/>
      <sheetpath names="/" tstamps="/"/>
      <tstamp>5E18A220</tstamp>
    </comp>
    <comp ref="C4">
      <value>100nF</value>
      <footprint>Capacitor_SMD:C_0805_2012Metric_Pad1.15x1.40mm_HandSolder</footprint>
      <datasheet>~</datasheet>
      <libsource lib="Device" part="C" description="Unpolarized capacitor"/>
      <sheetpath names="/" tstamps="/"/>
      <tstamp>5E1A2D9F</tstamp>
    </comp>
    <comp ref="R6">
      <value>47K</value>
      <footprint>Resistor_SMD:R_0805_2012Metric</footprint>
      <datasheet>~</datasheet>
      <libsource lib="Device" part="R_US" description="Resistor, US symbol"/>
      <sheetpath names="/" tstamps="/"/>
      <tstamp>5E1AC2AB</tstamp>
    </comp>
    <comp ref="R10">
      <value>68K</value>
      <footprint>Resistor_THT:R_Axial_DIN0204_L3.6mm_D1.6mm_P5.08mm_Vertical</footprint>
      <datasheet>~</datasheet>
      <libsource lib="Device" part="R_US" description="Resistor, US symbol"/>
      <sheetpath names="/" tstamps="/"/>
      <tstamp>5E1DBF34</tstamp>
    </comp>
    <comp ref="R11">
      <value>2.7K</value>
      <footprint>Resistor_SMD:R_0805_2012Metric</footprint>
      <datasheet>~</datasheet>
      <libsource lib="Device" part="R_US" description="Resistor, US symbol"/>
      <sheetpath names="/" tstamps="/"/>
      <tstamp>5E2019D1</tstamp>
    </comp>
    <comp ref="R4">
      <value>100</value>
      <footprint>Resistor_THT:R_Axial_DIN0204_L3.6mm_D1.6mm_P2.54mm_Vertical</footprint>
      <datasheet>~</datasheet>
      <libsource lib="Device" part="R_US" description="Resistor, US symbol"/>
      <sheetpath names="/" tstamps="/"/>
      <tstamp>5E22B729</tstamp>
    </comp>
    <comp ref="R5">
      <value>68K</value>
      <footprint>Resistor_SMD:R_0805_2012Metric</footprint>
      <datasheet>~</datasheet>
      <libsource lib="Device" part="R_US" description="Resistor, US symbol"/>
      <sheetpath names="/" tstamps="/"/>
      <tstamp>5E23B0D9</tstamp>
    </comp>
    <comp ref="R8">
      <value>1.5K</value>
      <footprint>Resistor_SMD:R_0805_2012Metric</footprint>
      <datasheet>~</datasheet>
      <libsource lib="Device" part="R_US" description="Resistor, US symbol"/>
      <sheetpath names="/" tstamps="/"/>
      <tstamp>5E259AA4</tstamp>
    </comp>
    <comp ref="C6">
      <value>2.2nF</value>
      <footprint>Capacitor_THT:C_Disc_D5.0mm_W2.5mm_P5.00mm</footprint>
      <datasheet>~</datasheet>
      <libsource lib="Device" part="C" description="Unpolarized capacitor"/>
      <sheetpath names="/" tstamps="/"/>
      <tstamp>5E26B24A</tstamp>
    </comp>
    <comp ref="C7">
      <value>10uF</value>
      <footprint>Capacitor_SMD:C_0805_2012Metric</footprint>
      <datasheet>~</datasheet>
      <libsource lib="Device" part="C" description="Unpolarized capacitor"/>
      <sheetpath names="/" tstamps="/"/>
      <tstamp>5E27D639</tstamp>
    </comp>
    <comp ref="C8">
      <value>10uF</value>
      <footprint>Capacitor_SMD:C_0805_2012Metric</footprint>
      <datasheet>~</datasheet>
      <libsource lib="Device" part="C" description="Unpolarized capacitor"/>
      <sheetpath names="/" tstamps="/"/>
      <tstamp>5E28CC32</tstamp>
    </comp>
    <comp ref="C5">
      <value>100nF</value>
      <footprint>Capacitor_SMD:C_0805_2012Metric_Pad1.15x1.40mm_HandSolder</footprint>
      <datasheet>~</datasheet>
      <libsource lib="Device" part="C" description="Unpolarized capacitor"/>
      <sheetpath names="/" tstamps="/"/>
      <tstamp>5E28D74D</tstamp>
    </comp>
    <comp ref="R7">
      <value>68K</value>
      <footprint>Resistor_SMD:R_0805_2012Metric</footprint>
      <datasheet>~</datasheet>
      <libsource lib="Device" part="R_US" description="Resistor, US symbol"/>
      <sheetpath names="/" tstamps="/"/>
      <tstamp>5E295F7A</tstamp>
    </comp>
    <comp ref="U3">
      <value>ATmega328P-PU</value>
      <footprint>Package_DIP:DIP-28_W7.62mm</footprint>
      <datasheet>http://ww1.microchip.com/downloads/en/DeviceDoc/ATmega328_P%20AVR%20MCU%20with%20picoPower%20Technology%20Data%20Sheet%2040001984A.pdf</datasheet>
      <libsource lib="MCU_Microchip_ATmega" part="ATmega328P-PU" description="20MHz, 32kB Flash, 2kB SRAM, 1kB EEPROM, DIP-28"/>
      <sheetpath names="/" tstamps="/"/>
      <tstamp>5E35EA9B</tstamp>
    </comp>
    <comp ref="U4">
      <value>TC4452VPA</value>
      <footprint>Package_DIP:DIP-8_W7.62mm</footprint>
      <datasheet>DIP-8</datasheet>
      <fields>
        <field name="Field4">56K7440</field>
        <field name="Field5">1467708</field>
        <field name="Field6">TC4452VPA</field>
        <field name="Field7">Microchip</field>
      </fields>
      <libsource lib="TC4452VPA" part="TC4452VPA" description=""/>
      <sheetpath names="/" tstamps="/"/>
      <tstamp>5E68CC70</tstamp>
    </comp>
    <comp ref="D1">
      <value>1N4001</value>
      <footprint>Diode_THT:D_DO-41_SOD81_P7.62mm_Horizontal</footprint>
      <datasheet>http://www.vishay.com/docs/88503/1n4001.pdf</datasheet>
      <libsource lib="Diode" part="1N4001" description="50V 1A General Purpose Rectifier Diode, DO-41"/>
      <sheetpath names="/" tstamps="/"/>
      <tstamp>5E79BAAE</tstamp>
    </comp>
    <comp ref="Y1">
      <value>Crystal_GND2</value>
      <footprint>Connector_PinSocket_2.54mm:PinSocket_1x03_P2.54mm_Vertical</footprint>
      <datasheet>~</datasheet>
      <libsource lib="Device" part="Crystal_GND2" description="Three pin crystal, GND on pin 2"/>
      <sheetpath names="/" tstamps="/"/>
      <tstamp>5E1D4AE8</tstamp>
    </comp>
    <comp ref="J11">
      <value>Conn_01x01_Female</value>
      <footprint>Connector_PinHeader_2.54mm:PinHeader_1x01_P2.54mm_Vertical</footprint>
      <datasheet>~</datasheet>
      <libsource lib="Connector" part="Conn_01x01_Female" description="Generic connector, single row, 01x01, script generated (kicad-library-utils/schlib/autogen/connector/)"/>
      <sheetpath names="/" tstamps="/"/>
      <tstamp>5E1AD6BF</tstamp>
    </comp>
    <comp ref="J10">
      <value>Conn_01x01_Female</value>
      <footprint>Connector_PinHeader_2.54mm:PinHeader_1x01_P2.54mm_Vertical</footprint>
      <datasheet>~</datasheet>
      <libsource lib="Connector" part="Conn_01x01_Female" description="Generic connector, single row, 01x01, script generated (kicad-library-utils/schlib/autogen/connector/)"/>
      <sheetpath names="/" tstamps="/"/>
      <tstamp>5E1AED10</tstamp>
    </comp>
    <comp ref="J9">
      <value>Conn_01x01_Female</value>
      <footprint>Connector_PinHeader_2.54mm:PinHeader_1x01_P2.54mm_Vertical</footprint>
      <datasheet>~</datasheet>
      <libsource lib="Connector" part="Conn_01x01_Female" description="Generic connector, single row, 01x01, script generated (kicad-library-utils/schlib/autogen/connector/)"/>
      <sheetpath names="/" tstamps="/"/>
      <tstamp>5E206EC9</tstamp>
    </comp>
    <comp ref="J12">
      <value>Conn_01x03_Male</value>
      <footprint>Connector_PinHeader_2.54mm:PinHeader_1x03_P2.54mm_Vertical</footprint>
      <datasheet>~</datasheet>
      <libsource lib="Connector" part="Conn_01x03_Male" description="Generic connector, single row, 01x03, script generated (kicad-library-utils/schlib/autogen/connector/)"/>
      <sheetpath names="/" tstamps="/"/>
      <tstamp>5E1C7191</tstamp>
    </comp>
    <comp ref="J5">
      <value>Conn_01x03_Male</value>
      <footprint>Connector_PinHeader_2.54mm:PinHeader_1x03_P2.54mm_Vertical</footprint>
      <datasheet>~</datasheet>
      <libsource lib="Connector" part="Conn_01x03_Male" description="Generic connector, single row, 01x03, script generated (kicad-library-utils/schlib/autogen/connector/)"/>
      <sheetpath names="/" tstamps="/"/>
      <tstamp>5E1CA1E3</tstamp>
    </comp>
    <comp ref="J14">
      <value>Conn_01x04_Male</value>
      <footprint>Connector_PinHeader_2.54mm:PinHeader_1x04_P2.54mm_Vertical</footprint>
      <datasheet>~</datasheet>
      <libsource lib="Connector" part="Conn_01x04_Male" description="Generic connector, single row, 01x04, script generated (kicad-library-utils/schlib/autogen/connector/)"/>
      <sheetpath names="/" tstamps="/"/>
      <tstamp>5E215E73</tstamp>
    </comp>
    <comp ref="J13">
      <value>Conn_01x04_Male</value>
      <footprint>Connector_PinHeader_2.54mm:PinHeader_1x04_P2.54mm_Vertical</footprint>
      <datasheet>~</datasheet>
      <libsource lib="Connector" part="Conn_01x04_Male" description="Generic connector, single row, 01x04, script generated (kicad-library-utils/schlib/autogen/connector/)"/>
      <sheetpath names="/" tstamps="/"/>
      <tstamp>5E27D1A4</tstamp>
    </comp>
    <comp ref="R13">
      <value>47K</value>
      <footprint>Resistor_SMD:R_0805_2012Metric</footprint>
      <datasheet>~</datasheet>
      <libsource lib="Device" part="R_US" description="Resistor, US symbol"/>
      <sheetpath names="/" tstamps="/"/>
      <tstamp>5E435E3A</tstamp>
    </comp>
    <comp ref="J15">
      <value>Conn_01x03_Male</value>
      <footprint>Connector_PinHeader_2.54mm:PinHeader_1x03_P2.54mm_Vertical</footprint>
      <datasheet>~</datasheet>
      <libsource lib="Connector" part="Conn_01x03_Male" description="Generic connector, single row, 01x03, script generated (kicad-library-utils/schlib/autogen/connector/)"/>
      <sheetpath names="/" tstamps="/"/>
      <tstamp>5E24064E</tstamp>
    </comp>
    <comp ref="Q1">
      <value>Q_PJFET_DGS</value>
      <footprint>Package_TO_SOT_SMD:SOT-23</footprint>
      <datasheet>~</datasheet>
      <libsource lib="Device" part="Q_PJFET_SGD" description="P-JFET transistor, source/gate/drain"/>
      <sheetpath names="/" tstamps="/"/>
      <tstamp>5E414569</tstamp>
    </comp>
    <comp ref="D4">
      <value>1N4001</value>
      <footprint>Diode_SMD:D_0805_2012Metric</footprint>
      <datasheet>http://www.vishay.com/docs/88503/1n4001.pdf</datasheet>
      <libsource lib="Diode" part="1N4001" description="50V 1A General Purpose Rectifier Diode, DO-41"/>
      <sheetpath names="/" tstamps="/"/>
      <tstamp>5E422DCD</tstamp>
    </comp>
    <comp ref="R9">
      <value>1.5K</value>
      <footprint>Resistor_SMD:R_0805_2012Metric</footprint>
      <datasheet>~</datasheet>
      <libsource lib="Device" part="R_US" description="Resistor, US symbol"/>
      <sheetpath names="/" tstamps="/"/>
      <tstamp>5E4BB1A7</tstamp>
    </comp>
    <comp ref="R14">
      <value>100</value>
      <footprint>Resistor_THT:R_Axial_DIN0204_L3.6mm_D1.6mm_P7.62mm_Horizontal</footprint>
      <datasheet>~</datasheet>
      <libsource lib="Device" part="R_US" description="Resistor, US symbol"/>
      <sheetpath names="/" tstamps="/"/>
      <tstamp>5E51C81E</tstamp>
    </comp>
    <comp ref="R12">
      <value>39</value>
      <footprint>Resistor_THT:R_Axial_DIN0204_L3.6mm_D1.6mm_P2.54mm_Vertical</footprint>
      <datasheet>~</datasheet>
      <libsource lib="Device" part="R_US" description="Resistor, US symbol"/>
      <sheetpath names="/" tstamps="/"/>
      <tstamp>5E21400B</tstamp>
    </comp>
    <comp ref="H1">
      <value>MountingHole</value>
      <footprint>MountingHole:MountingHole_2.2mm_M2</footprint>
      <datasheet>~</datasheet>
      <libsource lib="Mechanical" part="MountingHole" description="Mounting Hole without connection"/>
      <sheetpath names="/" tstamps="/"/>
      <tstamp>5EC6D8B6</tstamp>
    </comp>
    <comp ref="H2">
      <value>MountingHole</value>
      <footprint>MountingHole:MountingHole_2.2mm_M2</footprint>
      <datasheet>~</datasheet>
      <libsource lib="Mechanical" part="MountingHole" description="Mounting Hole without connection"/>
      <sheetpath names="/" tstamps="/"/>
      <tstamp>5EC6DF8D</tstamp>
    </comp>
    <comp ref="H3">
      <value>MountingHole</value>
      <footprint>MountingHole:MountingHole_2.2mm_M2</footprint>
      <datasheet>~</datasheet>
      <libsource lib="Mechanical" part="MountingHole" description="Mounting Hole without connection"/>
      <sheetpath names="/" tstamps="/"/>
      <tstamp>5EC6E630</tstamp>
    </comp>
    <comp ref="H4">
      <value>MountingHole</value>
      <footprint>MountingHole:MountingHole_2.2mm_M2</footprint>
      <datasheet>~</datasheet>
      <libsource lib="Mechanical" part="MountingHole" description="Mounting Hole without connection"/>
      <sheetpath names="/" tstamps="/"/>
      <tstamp>5EC6ECAF</tstamp>
    </comp>
    <comp ref="D5">
      <value>D_Zener</value>
      <footprint>Diode_THT:D_DO-15_P3.81mm_Vertical_AnodeUp</footprint>
      <datasheet>~</datasheet>
      <libsource lib="Device" part="D_Zener" description="Zener diode"/>
      <sheetpath names="/" tstamps="/"/>
      <tstamp>5ECF054C</tstamp>
    </comp>
    <comp ref="R15">
      <value>39</value>
      <footprint>Resistor_SMD:R_1210_3225Metric_Pad1.42x2.65mm_HandSolder</footprint>
      <datasheet>~</datasheet>
      <libsource lib="Device" part="R_US" description="Resistor, US symbol"/>
      <sheetpath names="/" tstamps="/"/>
      <tstamp>5ED18F93</tstamp>
    </comp>
    <comp ref="R16">
      <value>10k</value>
      <footprint>Resistor_SMD:R_0805_2012Metric</footprint>
      <datasheet>~</datasheet>
      <libsource lib="Device" part="R_US" description="Resistor, US symbol"/>
      <sheetpath names="/" tstamps="/"/>
      <tstamp>5EE47C20</tstamp>
    </comp>
    <comp ref="J16">
      <value>Conn_01x02_Male</value>
      <footprint>Connector_PinHeader_2.54mm:PinHeader_1x02_P2.54mm_Vertical</footprint>
      <datasheet>~</datasheet>
      <libsource lib="Connector" part="Conn_01x02_Male" description="Generic connector, single row, 01x02, script generated (kicad-library-utils/schlib/autogen/connector/)"/>
      <sheetpath names="/" tstamps="/"/>
      <tstamp>5EE8B836</tstamp>
    </comp>
  </components>
  <libparts>
    <libpart lib="Connector" part="Conn_01x01_Female">
      <description>Generic connector, single row, 01x01, script generated (kicad-library-utils/schlib/autogen/connector/)</description>
      <docs>~</docs>
      <footprints>
        <fp>Connector*:*</fp>
      </footprints>
      <fields>
        <field name="Reference">J</field>
        <field name="Value">Conn_01x01_Female</field>
      </fields>
      <pins>
        <pin num="1" name="Pin_1" type="passive"/>
      </pins>
    </libpart>
    <libpart lib="Connector" part="Conn_01x02_Male">
      <description>Generic connector, single row, 01x02, script generated (kicad-library-utils/schlib/autogen/connector/)</description>
      <docs>~</docs>
      <footprints>
        <fp>Connector*:*_1x??_*</fp>
      </footprints>
      <fields>
        <field name="Reference">J</field>
        <field name="Value">Conn_01x02_Male</field>
      </fields>
      <pins>
        <pin num="1" name="Pin_1" type="passive"/>
        <pin num="2" name="Pin_2" type="passive"/>
      </pins>
    </libpart>
    <libpart lib="Connector" part="Conn_01x03_Male">
      <description>Generic connector, single row, 01x03, script generated (kicad-library-utils/schlib/autogen/connector/)</description>
      <docs>~</docs>
      <footprints>
        <fp>Connector*:*_1x??_*</fp>
      </footprints>
      <fields>
        <field name="Reference">J</field>
        <field name="Value">Conn_01x03_Male</field>
      </fields>
      <pins>
        <pin num="1" name="Pin_1" type="passive"/>
        <pin num="2" name="Pin_2" type="passive"/>
        <pin num="3" name="Pin_3" type="passive"/>
      </pins>
    </libpart>
    <libpart lib="Connector" part="Conn_01x04_Male">
      <description>Generic connector, single row, 01x04, script generated (kicad-library-utils/schlib/autogen/connector/)</description>
      <docs>~</docs>
      <footprints>
        <fp>Connector*:*_1x??_*</fp>
      </footprints>
      <fields>
        <field name="Reference">J</field>
        <field name="Value">Conn_01x04_Male</field>
      </fields>
      <pins>
        <pin num="1" name="Pin_1" type="passive"/>
        <pin num="2" name="Pin_2" type="passive"/>
        <pin num="3" name="Pin_3" type="passive"/>
        <pin num="4" name="Pin_4" type="passive"/>
      </pins>
    </libpart>
    <libpart lib="Connector" part="Conn_01x06_Male">
      <description>Generic connector, single row, 01x06, script generated (kicad-library-utils/schlib/autogen/connector/)</description>
      <docs>~</docs>
      <footprints>
        <fp>Connector*:*_1x??_*</fp>
      </footprints>
      <fields>
        <field name="Reference">J</field>
        <field name="Value">Conn_01x06_Male</field>
      </fields>
      <pins>
        <pin num="1" name="Pin_1" type="passive"/>
        <pin num="2" name="Pin_2" type="passive"/>
        <pin num="3" name="Pin_3" type="passive"/>
        <pin num="4" name="Pin_4" type="passive"/>
        <pin num="5" name="Pin_5" type="passive"/>
        <pin num="6" name="Pin_6" type="passive"/>
      </pins>
    </libpart>
    <libpart lib="Device" part="Buzzer">
      <description>Buzzer, polarized</description>
      <docs>~</docs>
      <footprints>
        <fp>*Buzzer*</fp>
      </footprints>
      <fields>
        <field name="Reference">BZ</field>
        <field name="Value">Buzzer</field>
      </fields>
      <pins>
        <pin num="1" name="-" type="passive"/>
        <pin num="2" name="+" type="passive"/>
      </pins>
    </libpart>
    <libpart lib="Device" part="C">
      <description>Unpolarized capacitor</description>
      <docs>~</docs>
      <footprints>
        <fp>C_*</fp>
      </footprints>
      <fields>
        <field name="Reference">C</field>
        <field name="Value">C</field>
      </fields>
      <pins>
        <pin num="1" name="~" type="passive"/>
        <pin num="2" name="~" type="passive"/>
      </pins>
    </libpart>
    <libpart lib="Device" part="CP1">
      <description>Polarized capacitor, US symbol</description>
      <docs>~</docs>
      <footprints>
        <fp>CP_*</fp>
      </footprints>
      <fields>
        <field name="Reference">C</field>
        <field name="Value">CP1</field>
      </fields>
      <pins>
        <pin num="1" name="~" type="passive"/>
        <pin num="2" name="~" type="passive"/>
      </pins>
    </libpart>
    <libpart lib="Device" part="Crystal_GND2">
      <description>Three pin crystal, GND on pin 2</description>
      <docs>~</docs>
      <footprints>
        <fp>Crystal*</fp>
      </footprints>
      <fields>
        <field name="Reference">Y</field>
        <field name="Value">Crystal_GND2</field>
      </fields>
      <pins>
        <pin num="1" name="1" type="passive"/>
        <pin num="2" name="2" type="passive"/>
        <pin num="3" name="3" type="passive"/>
      </pins>
    </libpart>
    <libpart lib="Device" part="D_Zener">
      <description>Zener diode</description>
      <docs>~</docs>
      <footprints>
        <fp>TO-???*</fp>
        <fp>*_Diode_*</fp>
        <fp>*SingleDiode*</fp>
        <fp>D_*</fp>
      </footprints>
      <fields>
        <field name="Reference">D</field>
        <field name="Value">D_Zener</field>
      </fields>
      <pins>
        <pin num="1" name="K" type="passive"/>
        <pin num="2" name="A" type="passive"/>
      </pins>
    </libpart>
    <libpart lib="Device" part="Q_PJFET_SGD">
      <description>P-JFET transistor, source/gate/drain</description>
      <docs>~</docs>
      <fields>
        <field name="Reference">Q</field>
        <field name="Value">Q_PJFET_SGD</field>
      </fields>
      <pins>
        <pin num="1" name="S" type="passive"/>
        <pin num="2" name="G" type="input"/>
        <pin num="3" name="D" type="passive"/>
      </pins>
    </libpart>
    <libpart lib="Device" part="R_US">
      <description>Resistor, US symbol</description>
      <docs>~</docs>
      <footprints>
        <fp>R_*</fp>
      </footprints>
      <fields>
        <field name="Reference">R</field>
        <field name="Value">R_US</field>
      </fields>
      <pins>
        <pin num="1" name="~" type="passive"/>
        <pin num="2" name="~" type="passive"/>
      </pins>
    </libpart>
    <libpart lib="Diode" part="1N4001">
      <aliases>
        <alias>1N4002</alias>
        <alias>1N4003</alias>
        <alias>1N4004</alias>
        <alias>1N4005</alias>
        <alias>1N4006</alias>
        <alias>1N4007</alias>
        <alias>BA157</alias>
        <alias>BA158</alias>
        <alias>BA159</alias>
      </aliases>
      <description>50V 1A General Purpose Rectifier Diode, DO-41</description>
      <docs>http://www.vishay.com/docs/88503/1n4001.pdf</docs>
      <footprints>
        <fp>D*DO?41*</fp>
      </footprints>
      <fields>
        <field name="Reference">D</field>
        <field name="Value">1N4001</field>
        <field name="Footprint">Diode_THT:D_DO-41_SOD81_P10.16mm_Horizontal</field>
      </fields>
      <pins>
        <pin num="1" name="K" type="passive"/>
        <pin num="2" name="A" type="passive"/>
      </pins>
    </libpart>
    <libpart lib="MCU_Microchip_ATmega" part="ATmega48PV-10PU">
      <aliases>
        <alias>ATmega48P-20PU</alias>
        <alias>ATmega48A-PU</alias>
        <alias>ATmega48PA-PU</alias>
        <alias>ATmega88PV-10PU</alias>
        <alias>ATmega88P-20PU</alias>
        <alias>ATmega88A-PU</alias>
        <alias>ATmega88PA-PU</alias>
        <alias>ATmega168PV-10PU</alias>
        <alias>ATmega168P-20PU</alias>
        <alias>ATmega168A-PU</alias>
        <alias>ATmega168PA-PU</alias>
        <alias>ATmega328-PU</alias>
        <alias>ATmega328P-PU</alias>
      </aliases>
      <description>10MHz, 4kB Flash, 512B SRAM, 256B EEPROM, DIP-28</description>
      <docs>http://ww1.microchip.com/downloads/en/DeviceDoc/Atmel-8025-8-bit-AVR-Microcontroller-ATmega48P-88P-168P_Datasheet.pdf</docs>
      <footprints>
        <fp>DIP*W7.62mm*</fp>
      </footprints>
      <fields>
        <field name="Reference">U</field>
        <field name="Value">ATmega48PV-10PU</field>
        <field name="Footprint">Package_DIP:DIP-28_W7.62mm</field>
      </fields>
      <pins>
        <pin num="1" name="~RESET~/PC6" type="3state"/>
        <pin num="2" name="PD0" type="3state"/>
        <pin num="3" name="PD1" type="3state"/>
        <pin num="4" name="PD2" type="3state"/>
        <pin num="5" name="PD3" type="3state"/>
        <pin num="6" name="PD4" type="3state"/>
        <pin num="7" name="VCC" type="power_in"/>
        <pin num="8" name="GND" type="power_in"/>
        <pin num="9" name="XTAL1/PB6" type="3state"/>
        <pin num="10" name="XTAL2/PB7" type="3state"/>
        <pin num="11" name="PD5" type="3state"/>
        <pin num="12" name="PD6" type="3state"/>
        <pin num="13" name="PD7" type="3state"/>
        <pin num="14" name="PB0" type="3state"/>
        <pin num="15" name="PB1" type="3state"/>
        <pin num="16" name="PB2" type="3state"/>
        <pin num="17" name="PB3" type="3state"/>
        <pin num="18" name="PB4" type="3state"/>
        <pin num="19" name="PB5" type="3state"/>
        <pin num="20" name="AVCC" type="power_in"/>
        <pin num="21" name="AREF" type="passive"/>
        <pin num="22" name="GND" type="passive"/>
        <pin num="23" name="PC0" type="3state"/>
        <pin num="24" name="PC1" type="3state"/>
        <pin num="25" name="PC2" type="3state"/>
        <pin num="26" name="PC3" type="3state"/>
        <pin num="27" name="PC4" type="3state"/>
        <pin num="28" name="PC5" type="3state"/>
      </pins>
    </libpart>
    <libpart lib="Mechanical" part="MountingHole">
      <description>Mounting Hole without connection</description>
      <docs>~</docs>
      <footprints>
        <fp>MountingHole*</fp>
      </footprints>
      <fields>
        <field name="Reference">H</field>
        <field name="Value">MountingHole</field>
      </fields>
    </libpart>
    <libpart lib="TC4452VPA" part="TC4452VPA">
      <fields>
        <field name="Reference">U</field>
        <field name="Value">TC4452VPA</field>
        <field name="Footprint">DIP254P762X432-8</field>
        <field name="Datasheet">DIP-8</field>
        <field name="Field4">56K7440</field>
        <field name="Field5">1467708</field>
        <field name="Field6">TC4452VPA</field>
        <field name="Field7">Microchip</field>
      </fields>
      <pins>
        <pin num="1" name="VDD_2" type="power_in"/>
        <pin num="2" name="INPUT" type="input"/>
        <pin num="3" name="NC" type="NotConnected"/>
        <pin num="4" name="GND_2" type="passive"/>
        <pin num="5" name="GND" type="passive"/>
        <pin num="6" name="OUTPUT_2" type="output"/>
        <pin num="7" name="OUTPUT" type="output"/>
        <pin num="8" name="VDD" type="power_in"/>
      </pins>
    </libpart>
  </libparts>
  <libraries>
    <library logical="Connector">
      <uri>C:\Program Files\KiCad\share\kicad\library/Connector.lib</uri>
    </library>
    <library logical="Device">
      <uri>C:\Program Files\KiCad\share\kicad\library/Device.lib</uri>
    </library>
    <library logical="Diode">
      <uri>C:\Program Files\KiCad\share\kicad\library/Diode.lib</uri>
    </library>
    <library logical="MCU_Microchip_ATmega">
      <uri>C:\Program Files\KiCad\share\kicad\library/MCU_Microchip_ATmega.lib</uri>
    </library>
    <library logical="Mechanical">
      <uri>C:\Program Files\KiCad\share\kicad\library/Mechanical.lib</uri>
    </library>
    <library logical="TC4452VPA">
      <uri>Z:\Tyler\006 2017-01-14 High-Speed Flash\MK2 Design\KiCad\E2A\Edgerton 2.1 Rev3/TC4452VPA.lib</uri>
    </library>
  </libraries>
  <nets>
    <net code="1" name="GND">
      <node ref="J7" pin="2"/>
      <node ref="C3" pin="2"/>
      <node ref="J7" pin="4"/>
      <node ref="J7" pin="1"/>
      <node ref="J7" pin="3"/>
      <node ref="J2" pin="3"/>
      <node ref="J4" pin="1"/>
      <node ref="J3" pin="3"/>
      <node ref="D5" pin="2"/>
      <node ref="R12" pin="2"/>
      <node ref="J16" pin="2"/>
      <node ref="R16" pin="2"/>
      <node ref="J15" pin="1"/>
      <node ref="R3" pin="1"/>
      <node ref="R7" pin="1"/>
      <node ref="C5" pin="1"/>
      <node ref="U3" pin="8"/>
      <node ref="U3" pin="25"/>
      <node ref="C2" pin="2"/>
      <node ref="C4" pin="2"/>
      <node ref="BZ1" pin="2"/>
      <node ref="J1" pin="6"/>
      <node ref="C8" pin="1"/>
      <node ref="C7" pin="1"/>
      <node ref="R8" pin="2"/>
      <node ref="R5" pin="1"/>
      <node ref="R11" pin="2"/>
      <node ref="R6" pin="1"/>
      <node ref="U3" pin="22"/>
      <node ref="U3" pin="19"/>
      <node ref="U3" pin="16"/>
      <node ref="Y1" pin="2"/>
      <node ref="J11" pin="1"/>
      <node ref="J14" pin="3"/>
      <node ref="U4" pin="5"/>
      <node ref="U4" pin="4"/>
      <node ref="J13" pin="3"/>
      <node ref="J5" pin="2"/>
      <node ref="J12" pin="2"/>
      <node ref="R13" pin="1"/>
    </net>
    <net code="2" name="VCC">
      <node ref="C3" pin="1"/>
      <node ref="J13" pin="2"/>
      <node ref="R2" pin="2"/>
      <node ref="J5" pin="3"/>
      <node ref="J14" pin="2"/>
      <node ref="J16" pin="1"/>
    </net>
    <net code="3" name="Net-(J12-Pad3)">
      <node ref="J12" pin="3"/>
      <node ref="U3" pin="11"/>
    </net>
    <net code="4" name="+5V">
      <node ref="J3" pin="4"/>
      <node ref="U3" pin="7"/>
      <node ref="J12" pin="1"/>
      <node ref="J5" pin="1"/>
      <node ref="C2" pin="1"/>
      <node ref="R1" pin="2"/>
      <node ref="D1" pin="1"/>
      <node ref="U3" pin="20"/>
      <node ref="J9" pin="1"/>
    </net>
    <net code="5" name="Net-(C6-Pad2)">
      <node ref="U3" pin="12"/>
      <node ref="R5" pin="2"/>
      <node ref="Q1" pin="1"/>
      <node ref="C6" pin="2"/>
    </net>
    <net code="6" name="Net-(J3-Pad2)">
      <node ref="J3" pin="2"/>
      <node ref="U3" pin="28"/>
    </net>
    <net code="7" name="Net-(J4-Pad2)">
      <node ref="U3" pin="6"/>
      <node ref="J4" pin="2"/>
    </net>
    <net code="8" name="Net-(J4-Pad3)">
      <node ref="U3" pin="5"/>
      <node ref="J4" pin="3"/>
    </net>
    <net code="9" name="Net-(J4-Pad4)">
      <node ref="J4" pin="4"/>
      <node ref="U3" pin="4"/>
    </net>
    <net code="10" name="Net-(U3-Pad21)">
      <node ref="U3" pin="21"/>
    </net>
    <net code="11" name="/Optional">
      <node ref="J14" pin="4"/>
      <node ref="U3" pin="18"/>
      <node ref="R6" pin="2"/>
    </net>
    <net code="12" name="Net-(D1-Pad2)">
      <node ref="D1" pin="2"/>
      <node ref="J1" pin="4"/>
    </net>
    <net code="13" name="Net-(U4-Pad3)">
      <node ref="U4" pin="3"/>
    </net>
    <net code="14" name="Net-(BZ1-Pad1)">
      <node ref="BZ1" pin="1"/>
      <node ref="R4" pin="1"/>
    </net>
    <net code="15" name="Net-(J10-Pad1)">
      <node ref="J10" pin="1"/>
      <node ref="R9" pin="2"/>
    </net>
    <net code="16" name="Net-(J3-Pad1)">
      <node ref="J3" pin="1"/>
      <node ref="U3" pin="27"/>
    </net>
    <net code="17" name="Net-(U3-Pad9)">
      <node ref="U3" pin="9"/>
      <node ref="Y1" pin="3"/>
    </net>
    <net code="18" name="Net-(U3-Pad10)">
      <node ref="U3" pin="10"/>
      <node ref="Y1" pin="1"/>
    </net>
    <net code="19" name="Net-(R4-Pad2)">
      <node ref="U3" pin="15"/>
      <node ref="R4" pin="2"/>
    </net>
    <net code="23" name="Net-(J15-Pad2)">
      <node ref="J15" pin="2"/>
      <node ref="U3" pin="14"/>
    </net>
    <net code="24" name="Net-(J15-Pad3)">
      <node ref="J15" pin="3"/>
      <node ref="U3" pin="13"/>
    </net>
    <net code="25" name="Net-(C5-Pad2)">
      <node ref="R11" pin="1"/>
      <node ref="R10" pin="2"/>
      <node ref="U3" pin="24"/>
      <node ref="C5" pin="2"/>
    </net>
    <net code="26" name="Net-(J13-Pad4)">
      <node ref="J13" pin="4"/>
      <node ref="R14" pin="1"/>
      <node ref="U3" pin="17"/>
      <node ref="R13" pin="2"/>
    </net>
    <net code="27" name="Net-(Q1-Pad2)">
      <node ref="R14" pin="2"/>
      <node ref="Q1" pin="2"/>
    </net>
    <net code="28" name="Net-(D4-Pad2)">
      <node ref="Q1" pin="3"/>
      <node ref="D4" pin="2"/>
    </net>
    <net code="30" name="Net-(D5-Pad1)">
      <node ref="J6" pin="1"/>
      <node ref="R10" pin="1"/>
      <node ref="J13" pin="1"/>
      <node ref="D5" pin="1"/>
      <node ref="J14" pin="1"/>
      <node ref="J6" pin="4"/>
      <node ref="J6" pin="3"/>
      <node ref="J6" pin="2"/>
    </net>
    <net code="32" name="Net-(C1-Pad2)">
      <node ref="C1" pin="2"/>
      <node ref="J1" pin="1"/>
    </net>
    <net code="33" name="Net-(J2-Pad2)">
      <node ref="J2" pin="2"/>
    </net>
    <net code="34" name="Net-(D2-Pad1)">
      <node ref="D2" pin="1"/>
      <node ref="R7" pin="2"/>
      <node ref="J2" pin="1"/>
    </net>
    <net code="35" name="Net-(J8-Pad1)">
      <node ref="R12" pin="1"/>
      <node ref="J8" pin="1"/>
      <node ref="J8" pin="2"/>
      <node ref="J8" pin="3"/>
      <node ref="J8" pin="4"/>
      <node ref="R15" pin="1"/>
    </net>
    <net code="36" name="Net-(J1-Pad5)">
      <node ref="J1" pin="5"/>
    </net>
    <net code="37" name="Net-(R15-Pad2)">
      <node ref="U4" pin="7"/>
      <node ref="U4" pin="6"/>
      <node ref="R15" pin="2"/>
    </net>
    <net code="38" name="Net-(J1-Pad3)">
      <node ref="U3" pin="2"/>
      <node ref="J1" pin="3"/>
    </net>
    <net code="39" name="Net-(C1-Pad1)">
      <node ref="U3" pin="1"/>
      <node ref="C1" pin="1"/>
      <node ref="R1" pin="1"/>
    </net>
    <net code="40" name="Net-(J1-Pad2)">
      <node ref="U3" pin="3"/>
      <node ref="J1" pin="2"/>
    </net>
    <net code="41" name="Net-(C4-Pad1)">
      <node ref="U3" pin="23"/>
      <node ref="R3" pin="2"/>
      <node ref="C4" pin="1"/>
      <node ref="R2" pin="1"/>
    </net>
    <net code="42" name="Net-(D2-Pad2)">
      <node ref="D2" pin="2"/>
      <node ref="U3" pin="26"/>
    </net>
    <net code="43" name="Net-(C6-Pad1)">
      <node ref="D4" pin="1"/>
      <node ref="R8" pin="1"/>
      <node ref="U4" pin="2"/>
      <node ref="C6" pin="1"/>
    </net>
    <net code="50" name="Net-(C7-Pad2)">
      <node ref="R9" pin="1"/>
      <node ref="R16" pin="1"/>
      <node ref="C7" pin="2"/>
      <node ref="C8" pin="2"/>
      <node ref="U4" pin="1"/>
      <node ref="U4" pin="8"/>
    </net>
  </nets>
</export>
